<?xml version="1.0" encoding="UTF-8"?>
<!DOCTYPE suite SYSTEM "http://testng.org/testng-1.0.dtd">
<suite name="All Test Suite">
    <test verbose="2" preserve-order="true" name="C:/Users/jbpra/IdeaProjects/ICT_PROJECTNEW">

        <classes>
            <class name="Testcases.LoginPageTest"></class>
            <class name="Testcases.HomePageTest"></class>
            <class name="Testcases.SearchPageTest"></class>
            <class name="Testcases.ProductDetailsPageTest"></class>
<!--            <class name="Hooks"></class>-->

        </classes>
    </test>
</suite>
<!--            <class name="Testcases.HomePageTest">-->
<!--                <methods>-->
<!--                    <include name="SortingTest"/>-->
<!--                </methods>-->
<!--            </class>-->
<!--            <class name="Testcases.LoginPageTest">-->
<!--                <methods>-->
<!--                    <include name="HamBurgerPageTest"/>-->
<!--                </methods>-->
<!--            </class>-->
<!--            <class name="Testcases.ProductDetailsPageTest">-->
<!--                <methods>-->
<!--                    <include name="ProductQuantitySelectionTest"/>-->
<!--                </methods>-->
<!--            </class>-->
<!--            <class name="Testcases.SearchPageTest">-->
<!--                <methods>-->
<!--                    <include name="ProductSelection"/>-->
<!--                </methods>-->
<!--&lt;!&ndash;            </class>&ndash;&gt;-->
<!--        </classes>-->
<!--    </test>-->
<!--</suite>-->